{"root":[{"assemblyName":"Unity.InputSystem","nameSpace":"UnityEngine.InputSystem","className":"InputSystem","methodName":"RunInitializeInPlayer","loadTypes":4,"isUnityClass":true},{"assemblyName":"Unity.InputSystem","nameSpace":"UnityEngine.InputSystem","className":"InputSystem","methodName":"RunInitialUpdate","loadTypes":1,"isUnityClass":true},{"assemblyName":"Unity.RenderPipelines.Universal.Runtime","nameSpace":"UnityEngine.Rendering.Universal","className":"XRSystem","methodName":"XRSystemInit","loadTypes":3,"isUnityClass":true},{"assemblyName":"Unity.RenderPipelines.Core.Runtime","nameSpace":"UnityEngine.Rendering","className":"DebugUpdater","methodName":"RuntimeInit","loadTypes":0,"isUnityClass":true},{"assemblyName":"Unity.VisualScripting.Core","nameSpace":"Unity.VisualScripting","className":"RuntimeVSUsageUtility","methodName":"RuntimeInitializeOnLoadBeforeSceneLoad","loadTypes":1,"isUnityClass":true},{"assemblyName":"Unity.2D.Animation.Runtime","nameSpace":"","className":"$BurstDirectCallInitializer","methodName":"Initialize","loadTypes":2,"isUnityClass":true},{"assemblyName":"UniTask","nameSpace":"Cysharp.Threading.Tasks","className":"PlayerLoopHelper","methodName":"Init","loadTypes":1,"isUnityClass":false},{"assemblyName":"Sirenix.Utilities","nameSpace":"Sirenix.Utilities","className":"UnityVersion","methodName":"EnsureLoaded","loadTypes":1,"isUnityClass":false},{"assemblyName":"Sirenix.Serialization","nameSpace":"Sirenix.Serialization","className":"UnitySerializationInitializer","methodName":"InitializeRuntime","loadTypes":1,"isUnityClass":false},{"assemblyName":"Sirenix.Serialization","nameSpace":"Sirenix.Serialization.Utilities","className":"UnityVersion","methodName":"EnsureLoaded","loadTypes":1,"isUnityClass":false},{"assemblyName":"Sirenix.Utilities","nameSpace":"Sirenix.Utilities","className":"UnityVersion","methodName":"EnsureLoaded","loadTypes":1,"isUnityClass":false},{"assemblyName":"Sirenix.Serialization","nameSpace":"Sirenix.Serialization","className":"UnitySerializationInitializer","methodName":"InitializeRuntime","loadTypes":1,"isUnityClass":false},{"assemblyName":"Sirenix.Serialization","nameSpace":"Sirenix.Serialization.Utilities","className":"UnityVersion","methodName":"EnsureLoaded","loadTypes":1,"isUnityClass":false},{"assemblyName":"Sirenix.Utilities","nameSpace":"Sirenix.Utilities","className":"UnityVersion","methodName":"EnsureLoaded","loadTypes":1,"isUnityClass":false},{"assemblyName":"Sirenix.Serialization","nameSpace":"Sirenix.Serialization","className":"UnitySerializationInitializer","methodName":"InitializeRuntime","loadTypes":1,"isUnityClass":false},{"assemblyName":"Sirenix.Serialization","nameSpace":"Sirenix.Serialization.Utilities","className":"UnityVersion","methodName":"EnsureLoaded","loadTypes":1,"isUnityClass":false}]}
